<?xml version="1.0" encoding="UTF-8"?>
<jcr:root xmlns:jcr="http://www.jcp.org/jcr/1.0" xmlns:nt="http://www.jcp.org/jcr/nt/1.0" xmlns:cq="http://www.day.com/jcr/cq/1.0" xmlns:sling="http://sling.apache.org/jcr/sling/1.0"
    jcr:primaryType="cq:Page">
    <jcr:content jcr:primaryType="nt:unstructured"/>
    <mainHeaderQuery
        jcr:created="{Date}2025-09-07T21:43:43.276-03:00"
        jcr:primaryType="nt:unstructured"
        sling:resourceType="graphql/persistent/query">
        <jcr:content
            jcr:data="{Binary}\0"
            jcr:lastModified="{Date}2025-10-06T10:00:57.489-03:00"
            jcr:mimeType="text/html"
            jcr:primaryType="nt:unstructured"
            sling:resourceType="graphql/persistent/query/content"/>
    </mainHeaderQuery>
    <bannerByPath
        jcr:created="{Date}2025-09-16T17:17:16.665-03:00"
        jcr:primaryType="nt:unstructured"
        sling:resourceType="graphql/persistent/query">
        <jcr:content
            jcr:data="{Binary}\0"
            jcr:lastModified="{Date}2025-10-09T11:46:29.548-03:00"
            jcr:mimeType="text/html"
            jcr:primaryType="nt:unstructured"
            sling:resourceType="graphql/persistent/query/content"/>
    </bannerByPath>
    <cardHomeList
        jcr:created="{Date}2025-09-19T20:33:53.255-03:00"
        jcr:primaryType="nt:unstructured"
        sling:resourceType="graphql/persistent/query">
        <jcr:content
            jcr:data="{Binary}\0"
            jcr:lastModified="{Date}2025-10-04T14:43:13.374-03:00"
            jcr:mimeType="text/html"
            jcr:primaryType="nt:unstructured"
            sling:resourceType="graphql/persistent/query/content"/>
    </cardHomeList>
    <searchModal
        jcr:created="{Date}2025-09-22T15:59:42.648-03:00"
        jcr:primaryType="nt:unstructured"
        sling:resourceType="graphql/persistent/query">
        <jcr:content
            jcr:data="{Binary}\0"
            jcr:lastModified="{Date}2025-10-09T17:44:58.161-03:00"
            jcr:mimeType="text/html"
            jcr:primaryType="nt:unstructured"
            sling:resourceType="graphql/persistent/query/content"/>
    </searchModal>
    <bankbranches
        jcr:created="{Date}2025-09-23T23:19:52.126-03:00"
        jcr:primaryType="nt:unstructured"
        sling:resourceType="graphql/persistent/query">
        <jcr:content
            jcr:data="{Binary}\0"
            jcr:lastModified="{Date}2025-09-30T18:59:28.814-03:00"
            jcr:mimeType="text/html"
            jcr:primaryType="nt:unstructured"
            sling:resourceType="graphql/persistent/query/content"/>
    </bankbranches>
    <knowMoreAboutUs
        jcr:created="{Date}2025-09-25T17:16:58.919-03:00"
        jcr:primaryType="nt:unstructured"
        sling:resourceType="graphql/persistent/query">
        <jcr:content
            jcr:data="{Binary}\0"
            jcr:lastModified="{Date}2025-10-04T14:27:18.898-03:00"
            jcr:mimeType="text/html"
            jcr:primaryType="nt:unstructured"
            sling:resourceType="graphql/persistent/query/content"/>
    </knowMoreAboutUs>
    <solutions
        jcr:created="{Date}2025-09-28T18:44:14.545-03:00"
        jcr:primaryType="nt:unstructured"
        sling:resourceType="graphql/persistent/query">
        <jcr:content
            jcr:data="{Binary}\0"
            jcr:lastModified="{Date}2025-09-30T19:00:36.303-03:00"
            jcr:mimeType="text/html"
            jcr:primaryType="nt:unstructured"
            sling:resourceType="graphql/persistent/query/content"/>
    </solutions>
    <bankCard
        jcr:created="{Date}2025-09-28T19:10:12.497-03:00"
        jcr:primaryType="nt:unstructured"
        sling:resourceType="graphql/persistent/query">
        <jcr:content
            jcr:data="{Binary}\0"
            jcr:lastModified="{Date}2025-09-30T19:09:30.695-03:00"
            jcr:mimeType="text/html"
            jcr:primaryType="nt:unstructured"
            sling:resourceType="graphql/persistent/query/content"/>
    </bankCard>
</jcr:root>
