<?xml version="1.0" encoding="UTF-8"?>
<jcr:root xmlns:jcr="http://www.jcp.org/jcr/1.0" xmlns:nt="http://www.jcp.org/jcr/nt/1.0" xmlns:granite="http://www.adobe.com/jcr/granite/1.0" xmlns:cq="http://www.day.com/jcr/cq/1.0" xmlns:sling="http://sling.apache.org/jcr/sling/1.0"
    jcr:primaryType="cq:Template"
    allowedPaths="[/content/entities(/.*)?]"
    ranking="{Long}100">
    <jcr:content
        cq:lastModified="{Date}2025-08-27T15:33:53.179-03:00"
        cq:lastModifiedBy="admin"
        cq:scaffolding="/conf/principal/settings/dam/cfm/models/card-home/jcr:content/model"
        cq:templateType="/libs/settings/dam/cfm/model-types/fragment"
        jcr:description="Card Home - Title + Text + Img"
        jcr:primaryType="cq:PageContent"
        jcr:title="Card Home"
        sling:resourceSuperType="dam/cfm/models/console/components/data/entity"
        sling:resourceType="dam/cfm/models/console/components/data/entity/default"
        status="enabled">
        <metadata jcr:primaryType="nt:unstructured"/>
        <model
            cq:targetPath="/content/entities"
            jcr:primaryType="cq:PageContent"
            sling:resourceType="wcm/scaffolding/components/scaffolding"
            dataTypesConfig="/mnt/overlay/settings/dam/cfm/models/formbuilderconfig/datatypes"
            maxGeneratedOrder="20">
            <cq:dialog
                jcr:primaryType="nt:unstructured"
                sling:resourceType="cq/gui/components/authoring/dialog">
                <content
                    jcr:lastModified="{Date}2025-08-27T15:33:53.179-03:00"
                    jcr:lastModifiedBy="admin"
                    jcr:primaryType="nt:unstructured"
                    sling:resourceType="granite/ui/components/coral/foundation/fixedcolumns">
                    <items
                        jcr:primaryType="nt:unstructured"
                        maxGeneratedOrder="22">
                        <_x0031_756319481871
                            jcr:primaryType="nt:unstructured"
                            sling:resourceType="granite/ui/components/coral/foundation/form/checkbox"
                            listOrder="4"
                            metaType="boolean"
                            name="titleFontSize20"
                            renderReadOnly="false"
                            showEmptyInReadOnly="true"
                            text="Title font-size 20"
                            valueType="boolean">
                            <granite:data jcr:primaryType="nt:unstructured"/>
                        </_x0031_756319481871>
                        <_x0031_756319535706
                            jcr:primaryType="nt:unstructured"
                            sling:resourceType="dam/cfm/admin/components/authoring/contenteditor/multieditor"
                            cfm-element="Title"
                            checked="false"
                            default-mime-type="text/html"
                            listOrder="2"
                            metaType="text-multi"
                            name="title"
                            renderReadOnly="false"
                            showEmptyInReadOnly="true"
                            valueType="string/multiline">
                            <granite:data jcr:primaryType="nt:unstructured"/>
                        </_x0031_756319535706>
                        <_x0031_756319567474
                            jcr:primaryType="nt:unstructured"
                            sling:resourceType="dam/cfm/admin/components/authoring/contenteditor/multieditor"
                            cfm-element="Text"
                            checked="false"
                            default-mime-type="text/html"
                            listOrder="21"
                            metaType="text-multi"
                            name="text"
                            renderReadOnly="false"
                            showEmptyInReadOnly="true"
                            valueType="string/multiline">
                            <granite:data jcr:primaryType="nt:unstructured"/>
                        </_x0031_756319567474>
                        <_x0031_756319580658
                            jcr:primaryType="nt:unstructured"
                            sling:resourceType="dam/cfm/models/editor/components/contentreference"
                            fieldLabel="Image"
                            filter="hierarchy"
                            listOrder="22"
                            metaType="reference"
                            name="image"
                            nameSuffix="contentReference"
                            renderReadOnly="false"
                            rootPath="/content/dam/principal"
                            showEmptyInReadOnly="true"
                            showThumbnail="true"
                            validation="cfm.validation.contenttype.image"
                            valueType="string/reference">
                            <granite:data
                                jcr:primaryType="nt:unstructured"
                                showThumbnail="true"
                                thumbnail-validation="cfm.validation.thumbnail.show"/>
                        </_x0031_756319580658>
                    </items>
                </content>
            </cq:dialog>
        </model>
    </jcr:content>
</jcr:root>
