<?xml version="1.0" encoding="UTF-8"?>
<jcr:root xmlns:jcr="http://www.jcp.org/jcr/1.0" xmlns:nt="http://www.jcp.org/jcr/nt/1.0" xmlns:granite="http://www.adobe.com/jcr/granite/1.0" xmlns:cq="http://www.day.com/jcr/cq/1.0" xmlns:sling="http://sling.apache.org/jcr/sling/1.0"
    jcr:primaryType="cq:Template"
    allowedPaths="[/content/entities(/.*)?]"
    ranking="{Long}100">
    <jcr:content
        cq:lastModified="{Date}2025-09-22T14:00:12.764-03:00"
        cq:lastModifiedBy="admin"
        cq:scaffolding="/conf/bradesco-principal/settings/dam/cfm/models/links-search/jcr:content/model"
        cq:templateType="/libs/settings/dam/cfm/model-types/fragment"
        jcr:primaryType="cq:PageContent"
        jcr:title="Links Search"
        sling:resourceSuperType="dam/cfm/models/console/components/data/entity"
        sling:resourceType="dam/cfm/models/console/components/data/entity/default"
        status="enabled">
        <metadata jcr:primaryType="nt:unstructured"/>
        <model
            cq:targetPath="/content/entities"
            jcr:primaryType="cq:PageContent"
            sling:resourceType="wcm/scaffolding/components/scaffolding"
            dataTypesConfig="/mnt/overlay/settings/dam/cfm/models/formbuilderconfig/datatypes"
            maxGeneratedOrder="20">
            <cq:dialog
                jcr:primaryType="nt:unstructured"
                sling:resourceType="cq/gui/components/authoring/dialog">
                <content
                    jcr:lastModified="{Date}2025-09-22T14:00:12.764-03:00"
                    jcr:lastModifiedBy="admin"
                    jcr:primaryType="nt:unstructured"
                    sling:resourceType="granite/ui/components/coral/foundation/fixedcolumns">
                    <items
                        jcr:primaryType="nt:unstructured"
                        maxGeneratedOrder="22">
                        <_x0031_758560359576
                            jcr:primaryType="nt:unstructured"
                            sling:resourceType="granite/ui/components/coral/foundation/form/textfield"
                            fieldLabel="Label"
                            listOrder="21"
                            maxlength="255"
                            metaType="text-single"
                            name="label"
                            renderReadOnly="false"
                            showEmptyInReadOnly="true"
                            validation="None"
                            valueType="string">
                            <granite:data jcr:primaryType="nt:unstructured"/>
                        </_x0031_758560359576>
                        <_x0031_758560384965
                            jcr:primaryType="nt:unstructured"
                            sling:resourceType="granite/ui/components/coral/foundation/form/textfield"
                            fieldLabel="URL"
                            listOrder="22"
                            maxlength="255"
                            metaType="text-single"
                            name="url"
                            renderReadOnly="false"
                            showEmptyInReadOnly="true"
                            validation="None"
                            valueType="string">
                            <granite:data jcr:primaryType="nt:unstructured"/>
                        </_x0031_758560384965>
                    </items>
                </content>
            </cq:dialog>
        </model>
    </jcr:content>
</jcr:root>
