<?xml version="1.0" encoding="UTF-8"?>
<jcr:root xmlns:jcr="http://www.jcp.org/jcr/1.0" xmlns:nt="http://www.jcp.org/jcr/nt/1.0" xmlns:granite="http://www.adobe.com/jcr/granite/1.0" xmlns:cq="http://www.day.com/jcr/cq/1.0" xmlns:sling="http://sling.apache.org/jcr/sling/1.0"
    jcr:primaryType="cq:Template"
    allowedPaths="[/content/entities(/.*)?]"
    ranking="{Long}100">
    <jcr:content
        cq:lastModified="{Date}2025-09-28T18:20:09.726-03:00"
        cq:lastModifiedBy="admin"
        cq:scaffolding="/conf/bradesco-principal/settings/dam/cfm/models/solutioncard/jcr:content/model"
        cq:templateType="/libs/settings/dam/cfm/model-types/fragment"
        jcr:primaryType="cq:PageContent"
        jcr:title="SolutionCard"
        sling:resourceSuperType="dam/cfm/models/console/components/data/entity"
        sling:resourceType="dam/cfm/models/console/components/data/entity/default"
        status="enabled">
        <metadata jcr:primaryType="nt:unstructured"/>
        <model
            cq:targetPath="/content/entities"
            jcr:primaryType="cq:PageContent"
            sling:resourceType="wcm/scaffolding/components/scaffolding"
            dataTypesConfig="/mnt/overlay/settings/dam/cfm/models/formbuilderconfig/datatypes"
            maxGeneratedOrder="20">
            <cq:dialog
                jcr:primaryType="nt:unstructured"
                sling:resourceType="cq/gui/components/authoring/dialog">
                <content
                    jcr:lastModified="{Date}2025-09-28T18:20:09.726-03:00"
                    jcr:lastModifiedBy="admin"
                    jcr:primaryType="nt:unstructured"
                    sling:resourceType="granite/ui/components/coral/foundation/fixedcolumns">
                    <items
                        jcr:primaryType="nt:unstructured"
                        maxGeneratedOrder="21">
                        <_x0031_759092959204
                            jcr:primaryType="nt:unstructured"
                            sling:resourceType="granite/ui/components/coral/foundation/form/textfield"
                            fieldLabel="Title"
                            listOrder="1"
                            maxlength="255"
                            metaType="text-single"
                            name="title"
                            renderReadOnly="false"
                            showEmptyInReadOnly="true"
                            valueType="string">
                            <granite:data jcr:primaryType="nt:unstructured"/>
                        </_x0031_759092959204>
                        <_x0031_759094401031
                            jcr:primaryType="nt:unstructured"
                            sling:resourceType="dam/cfm/admin/components/authoring/contenteditor/multieditor"
                            cfm-element="Text"
                            checked="false"
                            default-mime-type="text/html"
                            listOrder="21"
                            metaType="text-multi"
                            name="text"
                            renderReadOnly="false"
                            showEmptyInReadOnly="true"
                            valueType="string/multiline">
                            <granite:data jcr:primaryType="nt:unstructured"/>
                        </_x0031_759094401031>
                        <_x0031_759092927154
                            jcr:primaryType="nt:unstructured"
                            sling:resourceType="dam/cfm/models/editor/components/contentreference"
                            fieldLabel="Image Png"
                            filter="hierarchy"
                            listOrder="8"
                            metaType="reference"
                            name="imagePng"
                            nameSuffix="contentReference"
                            renderReadOnly="false"
                            showEmptyInReadOnly="true"
                            showThumbnail="false"
                            valueType="string/reference">
                            <granite:data
                                jcr:primaryType="nt:unstructured"
                                thumbnail-validation="cfm.validation.thumbnail.show"/>
                        </_x0031_759092927154>
                        <_x0031_759092890656
                            jcr:primaryType="nt:unstructured"
                            sling:resourceType="dam/cfm/models/editor/components/contentreference"
                            fieldLabel="Image Webp"
                            filter="hierarchy"
                            listOrder="8"
                            metaType="reference"
                            name="imageWebp"
                            nameSuffix="contentReference"
                            renderReadOnly="false"
                            showEmptyInReadOnly="true"
                            showThumbnail="false"
                            validation="cfm.validation.contenttype.image"
                            valueType="string/reference">
                            <granite:data
                                jcr:primaryType="nt:unstructured"
                                thumbnail-validation="cfm.validation.thumbnail.show"/>
                        </_x0031_759092890656>
                    </items>
                </content>
            </cq:dialog>
        </model>
    </jcr:content>
</jcr:root>
