<?xml version="1.0" encoding="UTF-8"?>
<jcr:root xmlns:jcr="http://www.jcp.org/jcr/1.0" xmlns:dam="http://www.day.com/dam/1.0" xmlns:nt="http://www.jcp.org/jcr/nt/1.0" xmlns:mix="http://www.jcp.org/jcr/mix/1.0" xmlns:cq="http://www.day.com/jcr/cq/1.0" xmlns:sling="http://sling.apache.org/jcr/sling/1.0"
    jcr:isCheckedOut="{Boolean}true"
    jcr:mixinTypes="[mix:referenceable,mix:versionable]"
    jcr:primaryType="dam:Asset"
    jcr:uuid="33913d5f-8674-4a75-8d61-0833240f36bd">
    <jcr:content
        cq:name="pra-voc-"
        cq:parentPath="/content/dam/bradesco-principal/home/main-header/menu/outros-perfis"
        jcr:lastModified="{Date}2025-09-07T20:20:29.117-03:00"
        jcr:lastModifiedBy="admin"
        jcr:primaryType="dam:AssetContent"
        jcr:title="Pra você"
        contentFragment="{Boolean}true"
        lastFragmentSave="{Date}2025-09-07T20:20:29.117-03:00">
        <associated
            jcr:primaryType="nt:unstructured"
            sling:resourceType="sling/collection">
            <sling:members
                jcr:primaryType="nt:unstructured"
                sling:resources="[/content/dam/collections/l/lRUagFo4dPhP_CRZMF5C/lightbox]">
                <lightbox
                    jcr:primaryType="nt:unstructured"
                    sling:resource="/content/dam/collections/l/lRUagFo4dPhP_CRZMF5C/lightbox"/>
            </sling:members>
        </associated>
        <data
            cq:model="/conf/bradesco-principal/settings/dam/cfm/models/menu-item"
            jcr:primaryType="nt:unstructured"
            _strucVersion="{Long}1">
            <master
                jcr:mixinTypes="[cq:Taggable,dam:cfVariationNode]"
                jcr:primaryType="nt:unstructured"
                name="Pra você"
                name_x0040_LastModified="{Date}2025-09-07T20:10:51.676-03:00"
                name_x0040_LastModifiedBy="admin"
                path="https://banco.bradesco/html/classic/index.shtm"
                path_x0040_LastModified="{Date}2025-09-07T20:10:51.677-03:00"
                path_x0040_LastModifiedBy="admin"/>
        </data>
        <indexedData jcr:primaryType="nt:unstructured">
            <master
                jcr:mixinTypes="[dam:IndexedFragmentData]"
                jcr:primaryType="nt:unstructured"
                jcr:uuid="a08f5010-2b2a-4e0a-830b-e1cd2ae9596a"
                _x0040_string_x0040_model="/conf/bradesco-principal/settings/dam/cfm/models/menu-item"
                _x0040_stringArray_x0040_variations="[]"
                string_x0040_name="Pra você"
                string_x0040_path="https://banco.bradesco/html/classic/index.shtm"/>
        </indexedData>
        <metadata
            cq:tags="[]"
            jcr:mixinTypes="[cq:Taggable]"
            jcr:primaryType="nt:unstructured"/>
        <model jcr:primaryType="nt:unstructured">
            <variations jcr:primaryType="nt:unstructured"/>
        </model>
        <related jcr:primaryType="nt:unstructured"/>
    </jcr:content>
</jcr:root>
