<?xml version="1.0" encoding="UTF-8"?>
<jcr:root xmlns:jcr="http://www.jcp.org/jcr/1.0" xmlns:nt="http://www.jcp.org/jcr/nt/1.0" xmlns:cq="http://www.day.com/jcr/cq/1.0"
    jcr:primaryType="cq:Page">
    <jcr:content jcr:primaryType="nt:unstructured"/>
    <main-header/>
    <menu/>
    <menu-item/>
    <banner/>
    <card-home/>
    <search-modal/>
    <card-search-modal/>
    <links-search/>
    <bank-branches/>
    <bank-branch/>
    <address-helper/>
    <bankcard/>
    <bankcards/>
    <solutions/>
    <solutioncard/>
</jcr:root>
